experiment,child_id,condition,scenario,verb,question,response,distal,proximal,age_days,age_years,age_group,gender
exp3,K2SX2X,all,scared,,cause,distal,1,0,2010,5.5,5,f
exp3,K2SX2X,all,scared,,lexical,proximal,0,1,2010,5.5,5,f
exp3,K2SX2X,all,surprised,,cause,distal,1,0,2010,5.5,5,f
exp3,K2SX2X,all,surprised,,lexical,proximal,0,1,2010,5.5,5,f
exp3,ZZTSVK,all,scared,,cause,distal,1,0,2490,6.82,6,m
exp3,ZZTSVK,all,scared,,lexical,proximal,0,1,2490,6.82,6,m
exp3,ZZTSVK,all,surprised,,cause,proximal,0,1,2490,6.82,6,m
exp3,ZZTSVK,all,surprised,,lexical,distal,1,0,2490,6.82,6,m
exp3,BYZGc2,all,surprised,,lexical,proximal,0,1,2520,6.9,6,f
exp3,BYZGc2,all,surprised,,cause,distal,1,0,2520,6.9,6,f
exp3,BYZGc2,all,scared,,lexical,proximal,0,1,2520,6.9,6,f
exp3,BYZGc2,all,scared,,cause,distal,1,0,2520,6.9,6,f
exp3,RNDJYT,all,scared,,lexical,proximal,0,1,2010,5.5,5,f
exp3,RNDJYT,all,scared,,cause,distal,1,0,2010,5.5,5,f
exp3,RNDJYT,all,surprised,,lexical,proximal,0,1,2010,5.5,5,f
exp3,RNDJYT,all,surprised,,cause,distal,1,0,2010,5.5,5,f
exp3,TdXPYL,all,surprised,,cause,proximal,0,1,2520,6.9,6,m
exp3,TdXPYL,all,surprised,,lexical,proximal,0,1,2520,6.9,6,m
exp3,TdXPYL,all,scared,,cause,proximal,0,1,2520,6.9,6,m
exp3,TdXPYL,all,scared,,lexical,proximal,0,1,2520,6.9,6,m
exp3,UEGAc4,all,surprised,,cause,proximal,0,1,1860,5.09,5,f
exp3,UEGAc4,all,surprised,,lexical,proximal,0,1,1860,5.09,5,f
exp3,UEGAc4,all,scared,,cause,proximal,0,1,1860,5.09,5,f
exp3,UEGAc4,all,scared,,lexical,proximal,0,1,1860,5.09,5,f
exp3,cSK4RQ,all,scared,,lexical,distal,1,0,2790,7.64,7,m
exp3,cSK4RQ,all,scared,,cause,distal,1,0,2790,7.64,7,m
exp3,cSK4RQ,all,surprised,,lexical,distal,1,0,2790,7.64,7,m
exp3,cSK4RQ,all,surprised,,cause,proximal,0,1,2790,7.64,7,m
exp3,6VEFP4,all,scared,,cause,proximal,0,1,2850,7.8,7,f
exp3,6VEFP4,all,scared,,lexical,proximal,0,1,2850,7.8,7,f
exp3,6VEFP4,all,surprised,,cause,distal,1,0,2850,7.8,7,f
exp3,6VEFP4,all,surprised,,lexical,proximal,0,1,2850,7.8,7,f
exp3,WCBARE,all,scared,,lexical,proximal,0,1,2580,7.06,7,f
exp3,WCBARE,all,scared,,cause,proximal,0,1,2580,7.06,7,f
exp3,WCBARE,all,surprised,,lexical,distal,1,0,2580,7.06,7,f
exp3,WCBARE,all,surprised,,cause,distal,1,0,2580,7.06,7,f
exp3,C3FJ6K,all,surprised,,lexical,proximal,0,1,2100,5.75,5,m
exp3,C3FJ6K,all,surprised,,cause,distal,1,0,2100,5.75,5,m
exp3,C3FJ6K,all,scared,,lexical,proximal,0,1,2100,5.75,5,m
exp3,C3FJ6K,all,scared,,cause,distal,1,0,2100,5.75,5,m
exp3,PZdYdQ,all,scared,,lexical,proximal,0,1,2220,6.08,6,m
exp3,PZdYdQ,all,scared,,cause,distal,1,0,2220,6.08,6,m
exp3,PZdYdQ,all,surprised,,lexical,distal,1,0,2220,6.08,6,m
exp3,PZdYdQ,all,surprised,,cause,distal,1,0,2220,6.08,6,m
exp3,MFDGcd,all,scared,,lexical,proximal,0,1,1500,4.11,4,f
exp3,MFDGcd,all,scared,,cause,proximal,0,1,1500,4.11,4,f
exp3,MFDGcd,all,surprised,,lexical,proximal,0,1,1500,4.11,4,f
exp3,MFDGcd,all,surprised,,cause,proximal,0,1,1500,4.11,4,f
exp3,NCAH2T,all,surprised,,lexical,proximal,0,1,1320,3.61,3,f
exp3,NCAH2T,all,surprised,,cause,distal,1,0,1320,3.61,3,f
exp3,NCAH2T,all,scared,,lexical,proximal,0,1,1320,3.61,3,f
exp3,NCAH2T,all,scared,,cause,distal,1,0,1320,3.61,3,f
exp3,dZA62K,all,scared,,lexical,proximal,0,1,3420,9.36,9,f
exp3,dZA62K,all,scared,,cause,proximal,0,1,3420,9.36,9,f
exp3,dZA62K,all,surprised,,lexical,proximal,0,1,3420,9.36,9,f
exp3,dZA62K,all,surprised,,cause,proximal,0,1,3420,9.36,9,f
exp3,ZLEXGP,all,scared,,cause,distal,1,0,2640,7.23,7,f
exp3,ZLEXGP,all,scared,,lexical,proximal,0,1,2640,7.23,7,f
exp3,ZLEXGP,all,surprised,,cause,distal,1,0,2640,7.23,7,f
exp3,ZLEXGP,all,surprised,,lexical,proximal,0,1,2640,7.23,7,f
exp3,5TABc6,all,surprised,,lexical,proximal,0,1,2760,7.56,7,f
exp3,5TABc6,all,surprised,,cause,proximal,0,1,2760,7.56,7,f
exp3,5TABc6,all,scared,,lexical,proximal,0,1,2760,7.56,7,f
exp3,5TABc6,all,scared,,cause,proximal,0,1,2760,7.56,7,f
exp3,TDBDGQ,all,surprised,,cause,proximal,0,1,2940,8.05,8,m
exp3,TDBDGQ,all,surprised,,lexical,proximal,0,1,2940,8.05,8,m
exp3,TDBDGQ,all,scared,,cause,proximal,0,1,2940,8.05,8,m
exp3,TDBDGQ,all,scared,,lexical,proximal,0,1,2940,8.05,8,m
exp3,NS726Z,all,scared,,lexical,proximal,0,1,2250,6.16,6,f
exp3,NS726Z,all,scared,,cause,distal,1,0,2250,6.16,6,f
exp3,NS726Z,all,surprised,,lexical,proximal,0,1,2250,6.16,6,f
exp3,NS726Z,all,surprised,,cause,distal,1,0,2250,6.16,6,f
exp3,7J734A,all,scared,,lexical,proximal,0,1,3540,9.69,9,m
exp3,7J734A,all,scared,,cause,distal,1,0,3540,9.69,9,m
exp3,7J734A,all,surprised,,lexical,proximal,0,1,3540,9.69,9,m
exp3,7J734A,all,surprised,,cause,distal,1,0,3540,9.69,9,m
exp3,E45c6A,all,surprised,,lexical,proximal,0,1,2760,7.56,7,f
exp3,E45c6A,all,surprised,,cause,distal,1,0,2760,7.56,7,f
exp3,E45c6A,all,scared,,lexical,proximal,0,1,2760,7.56,7,f
exp3,E45c6A,all,scared,,cause,distal,1,0,2760,7.56,7,f
exp3,dA5QKQ,all,surprised,,lexical,proximal,0,1,1260,3.45,3,m
exp3,dA5QKQ,all,surprised,,cause,proximal,0,1,1260,3.45,3,m
exp3,dA5QKQ,all,scared,,lexical,distal,1,0,1260,3.45,3,m
exp3,dA5QKQ,all,scared,,cause,distal,1,0,1260,3.45,3,m
exp3,QLdPAW,all,surprised,,cause,distal,1,0,2160,5.91,5,f
exp3,QLdPAW,all,surprised,,lexical,proximal,0,1,2160,5.91,5,f
exp3,QLdPAW,all,scared,,cause,distal,1,0,2160,5.91,5,f
exp3,QLdPAW,all,scared,,lexical,proximal,0,1,2160,5.91,5,f
exp3,NVAWTK,all,scared,,cause,distal,1,0,2280,6.24,6,m
exp3,NVAWTK,all,scared,,lexical,proximal,0,1,2280,6.24,6,m
exp3,NVAWTK,all,surprised,,cause,distal,1,0,2280,6.24,6,m
exp3,NVAWTK,all,surprised,,lexical,proximal,0,1,2280,6.24,6,m
exp3,R7JN7D,all,surprised,,lexical,proximal,0,1,3390,9.28,9,f
exp3,R7JN7D,all,surprised,,cause,distal,1,0,3390,9.28,9,f
exp3,R7JN7D,all,scared,,lexical,proximal,0,1,3390,9.28,9,f
exp3,R7JN7D,all,scared,,cause,distal,1,0,3390,9.28,9,f
exp3,3cZ7KZ,all,scared,,cause,distal,1,0,3480,9.53,9,f
exp3,3cZ7KZ,all,scared,,lexical,proximal,0,1,3480,9.53,9,f
exp3,3cZ7KZ,all,surprised,,cause,distal,1,0,3480,9.53,9,f
exp3,3cZ7KZ,all,surprised,,lexical,proximal,0,1,3480,9.53,9,f
exp3,dUCDTU,all,surprised,,lexical,proximal,0,1,1740,4.76,4,f
exp3,dUCDTU,all,surprised,,cause,distal,1,0,1740,4.76,4,f
exp3,dUCDTU,all,scared,,lexical,proximal,0,1,1740,4.76,4,f
exp3,dUCDTU,all,scared,,cause,distal,1,0,1740,4.76,4,f
exp3,HWRUPW,all,surprised,,lexical,proximal,0,1,1470,4.02,4,m
exp3,HWRUPW,all,surprised,,cause,distal,1,0,1470,4.02,4,m
exp3,HWRUPW,all,scared,,lexical,proximal,0,1,1470,4.02,4,m
exp3,HWRUPW,all,scared,,cause,distal,1,0,1470,4.02,4,m
exp3,5Q3NBY,all,surprised,,lexical,distal,1,0,3480,9.53,9,f
exp3,5Q3NBY,all,surprised,,cause,distal,1,0,3480,9.53,9,f
exp3,5Q3NBY,all,scared,,lexical,proximal,0,1,3480,9.53,9,f
exp3,5Q3NBY,all,scared,,cause,distal,1,0,3480,9.53,9,f
exp3,AH3McM,all,scared,,lexical,proximal,0,1,2160,5.91,5,m
exp3,AH3McM,all,scared,,cause,proximal,0,1,2160,5.91,5,m
exp3,AH3McM,all,surprised,,lexical,proximal,0,1,2160,5.91,5,m
exp3,AH3McM,all,surprised,,cause,proximal,0,1,2160,5.91,5,m
exp3,FdKH4C,all,surprised,,cause,distal,1,0,3450,9.45,9,m
exp3,FdKH4C,all,surprised,,lexical,proximal,0,1,3450,9.45,9,m
exp3,FdKH4C,all,scared,,cause,distal,1,0,3450,9.45,9,m
exp3,FdKH4C,all,scared,,lexical,proximal,0,1,3450,9.45,9,m
exp3,TWDTLT,all,scared,,lexical,proximal,0,1,2850,7.8,7,m
exp3,TWDTLT,all,scared,,cause,proximal,0,1,2850,7.8,7,m
exp3,TWDTLT,all,surprised,,lexical,proximal,0,1,2850,7.8,7,m
exp3,TWDTLT,all,surprised,,cause,proximal,0,1,2850,7.8,7,m
exp3,5GZNCC,all,surprised,,cause,proximal,0,1,1290,3.53,3,f
exp3,5GZNCC,all,surprised,,lexical,proximal,0,1,1290,3.53,3,f
exp3,5GZNCC,all,scared,,cause,distal,1,0,1290,3.53,3,f
exp3,5GZNCC,all,scared,,lexical,distal,1,0,1290,3.53,3,f
exp3,CSXLN4,all,surprised,,lexical,proximal,0,1,2940,8.05,8,m
exp3,CSXLN4,all,surprised,,cause,distal,1,0,2940,8.05,8,m
exp3,CSXLN4,all,scared,,lexical,proximal,0,1,2940,8.05,8,m
exp3,CSXLN4,all,scared,,cause,distal,1,0,2940,8.05,8,m
exp3,JR7STP,all,surprised,,cause,distal,1,0,3300,9.03,9,f
exp3,JR7STP,all,surprised,,lexical,proximal,0,1,3300,9.03,9,f
exp3,JR7STP,all,scared,,cause,distal,1,0,3300,9.03,9,f
exp3,JR7STP,all,scared,,lexical,proximal,0,1,3300,9.03,9,f
exp3,YFZYZK,all,surprised,,lexical,proximal,0,1,2520,6.9,6,o
exp3,YFZYZK,all,surprised,,cause,distal,1,0,2520,6.9,6,o
exp3,YFZYZK,all,scared,,lexical,proximal,0,1,2520,6.9,6,o
exp3,YFZYZK,all,scared,,cause,distal,1,0,2520,6.9,6,o
exp3,VUWNSA,all,surprised,,lexical,proximal,0,1,1920,5.26,5,m
exp3,VUWNSA,all,surprised,,cause,distal,1,0,1920,5.26,5,m
exp3,VUWNSA,all,scared,,lexical,proximal,0,1,1920,5.26,5,m
exp3,VUWNSA,all,scared,,cause,distal,1,0,1920,5.26,5,m
exp3,QECEYS,all,surprised,,lexical,proximal,0,1,3330,9.12,9,m
exp3,QECEYS,all,surprised,,cause,distal,1,0,3330,9.12,9,m
exp3,QECEYS,all,scared,,lexical,proximal,0,1,3330,9.12,9,m
exp3,QECEYS,all,scared,,cause,distal,1,0,3330,9.12,9,m
exp3,RdPBJN,all,surprised,,cause,proximal,0,1,3450,9.45,9,f
exp3,RdPBJN,all,surprised,,lexical,proximal,0,1,3450,9.45,9,f
exp3,RdPBJN,all,scared,,cause,distal,1,0,3450,9.45,9,f
exp3,RdPBJN,all,scared,,lexical,distal,1,0,3450,9.45,9,f
exp3,DQN2Gc,all,scared,,lexical,proximal,0,1,2490,6.82,6,f
exp3,DQN2Gc,all,scared,,cause,distal,1,0,2490,6.82,6,f
exp3,DQN2Gc,all,surprised,,lexical,proximal,0,1,2490,6.82,6,f
exp3,DQN2Gc,all,surprised,,cause,distal,1,0,2490,6.82,6,f
exp3,5YC4HR,all,scared,,cause,distal,1,0,1200,3.29,3,f
exp3,5YC4HR,all,scared,,lexical,distal,1,0,1200,3.29,3,f
exp3,5YC4HR,all,surprised,,cause,distal,1,0,1200,3.29,3,f
exp3,5YC4HR,all,surprised,,lexical,distal,1,0,1200,3.29,3,f
exp3,YDDFJG,all,scared,,lexical,distal,1,0,1440,3.94,3,m
exp3,YDDFJG,all,scared,,cause,distal,1,0,1440,3.94,3,m
exp3,YDDFJG,all,surprised,,lexical,proximal,0,1,1440,3.94,3,m
exp3,YDDFJG,all,surprised,,cause,proximal,0,1,1440,3.94,3,m
exp3,VNTdVc,all,scared,,lexical,proximal,0,1,3480,9.53,9,f
exp3,VNTdVc,all,scared,,cause,distal,1,0,3480,9.53,9,f
exp3,VNTdVc,all,surprised,,lexical,proximal,0,1,3480,9.53,9,f
exp3,VNTdVc,all,surprised,,cause,distal,1,0,3480,9.53,9,f
exp3,5PBWXK,all,scared,,cause,proximal,0,1,1350,3.7,3,f
exp3,5PBWXK,all,scared,,lexical,distal,1,0,1350,3.7,3,f
exp3,5PBWXK,all,surprised,,cause,proximal,0,1,1350,3.7,3,f
exp3,5PBWXK,all,surprised,,lexical,proximal,0,1,1350,3.7,3,f
exp3,5dWKHA,all,surprised,,lexical,proximal,0,1,1710,4.68,4,m
exp3,5dWKHA,all,surprised,,cause,proximal,0,1,1710,4.68,4,m
exp3,5dWKHA,all,scared,,lexical,proximal,0,1,1710,4.68,4,m
exp3,5dWKHA,all,scared,,cause,distal,1,0,1710,4.68,4,m
exp3,SUTdR2,all,scared,,lexical,proximal,0,1,3060,8.38,8,m
exp3,SUTdR2,all,scared,,cause,proximal,0,1,3060,8.38,8,m
exp3,SUTdR2,all,surprised,,lexical,distal,1,0,3060,8.38,8,m
exp3,SUTdR2,all,surprised,,cause,distal,1,0,3060,8.38,8,m
exp3,3TdGHW,all,surprised,,lexical,proximal,0,1,1560,4.27,4,m
exp3,3TdGHW,all,surprised,,cause,distal,1,0,1560,4.27,4,m
exp3,3TdGHW,all,scared,,lexical,proximal,0,1,1560,4.27,4,m
exp3,3TdGHW,all,scared,,cause,distal,1,0,1560,4.27,4,m
exp3,YdGBGL,all,scared,,lexical,proximal,0,1,3150,8.62,8,f
exp3,YdGBGL,all,scared,,cause,distal,1,0,3150,8.62,8,f
exp3,YdGBGL,all,surprised,,lexical,proximal,0,1,3150,8.62,8,f
exp3,YdGBGL,all,surprised,,cause,distal,1,0,3150,8.62,8,f
exp3,KCVL2U,all,surprised,,cause,distal,1,0,2610,7.15,7,f
exp3,KCVL2U,all,surprised,,lexical,proximal,0,1,2610,7.15,7,f
exp3,KCVL2U,all,scared,,cause,distal,1,0,2610,7.15,7,f
exp3,KCVL2U,all,scared,,lexical,proximal,0,1,2610,7.15,7,f
exp3,5MUBRQ,all,scared,,lexical,proximal,0,1,2220,6.08,6,m
exp3,5MUBRQ,all,scared,,cause,proximal,0,1,2220,6.08,6,m
exp3,5MUBRQ,all,surprised,,lexical,proximal,0,1,2220,6.08,6,m
exp3,5MUBRQ,all,surprised,,cause,proximal,0,1,2220,6.08,6,m
exp3,TZM3YE,all,surprised,,cause,proximal,0,1,3180,8.71,8,f
exp3,TZM3YE,all,surprised,,lexical,distal,1,0,3180,8.71,8,f
exp3,TZM3YE,all,scared,,cause,proximal,0,1,3180,8.71,8,f
exp3,TZM3YE,all,scared,,lexical,distal,1,0,3180,8.71,8,f
exp3,56YL3J,all,scared,,lexical,proximal,0,1,1140,3.12,3,f
exp3,56YL3J,all,scared,,cause,distal,1,0,1140,3.12,3,f
exp3,56YL3J,all,surprised,,lexical,distal,1,0,1140,3.12,3,f
exp3,56YL3J,all,surprised,,cause,distal,1,0,1140,3.12,3,f
exp3,KAA4XZ,all,surprised,,cause,distal,1,0,2700,7.39,7,f
exp3,KAA4XZ,all,surprised,,lexical,proximal,0,1,2700,7.39,7,f
exp3,KAA4XZ,all,scared,,cause,distal,1,0,2700,7.39,7,f
exp3,KAA4XZ,all,scared,,lexical,distal,1,0,2700,7.39,7,f
exp3,RN5X3F,all,surprised,,cause,distal,1,0,2970,8.13,8,m
exp3,RN5X3F,all,surprised,,lexical,proximal,0,1,2970,8.13,8,m
exp3,RN5X3F,all,scared,,cause,distal,1,0,2970,8.13,8,m
exp3,RN5X3F,all,scared,,lexical,proximal,0,1,2970,8.13,8,m
exp3,R2Z5dL,all,scared,,cause,proximal,0,1,3360,9.2,9,m
exp3,R2Z5dL,all,scared,,lexical,proximal,0,1,3360,9.2,9,m
exp3,R2Z5dL,all,surprised,,cause,distal,1,0,3360,9.2,9,m
exp3,R2Z5dL,all,surprised,,lexical,proximal,0,1,3360,9.2,9,m
exp3,K7QK33,all,surprised,,cause,proximal,0,1,3060,8.38,8,m
exp3,K7QK33,all,surprised,,lexical,proximal,0,1,3060,8.38,8,m
exp3,K7QK33,all,scared,,cause,proximal,0,1,3060,8.38,8,m
exp3,K7QK33,all,scared,,lexical,proximal,0,1,3060,8.38,8,m
exp3,WGGcGQ,all,surprised,,cause,distal,1,0,2010,5.5,5,m
exp3,WGGcGQ,all,surprised,,lexical,proximal,0,1,2010,5.5,5,m
exp3,WGGcGQ,all,scared,,cause,distal,1,0,2010,5.5,5,m
exp3,WGGcGQ,all,scared,,lexical,proximal,0,1,2010,5.5,5,m
exp3,3WDRM4,all,scared,,lexical,distal,1,0,1440,3.94,3,f
exp3,3WDRM4,all,scared,,cause,distal,1,0,1440,3.94,3,f
exp3,3WDRM4,all,surprised,,lexical,proximal,0,1,1440,3.94,3,f
exp3,3WDRM4,all,surprised,,cause,proximal,0,1,1440,3.94,3,f
exp3,JUG6HR,all,surprised,,cause,proximal,0,1,1800,4.93,4,m
exp3,JUG6HR,all,surprised,,lexical,proximal,0,1,1800,4.93,4,m
exp3,JUG6HR,all,scared,,cause,distal,1,0,1800,4.93,4,m
exp3,JUG6HR,all,scared,,lexical,proximal,0,1,1800,4.93,4,m
exp3,TdF52L,all,surprised,,lexical,distal,1,0,2190,6.0,5,f
exp3,TdF52L,all,surprised,,cause,distal,1,0,2190,6.0,5,f
exp3,TdF52L,all,scared,,lexical,distal,1,0,2190,6.0,5,f
exp3,TdF52L,all,scared,,cause,distal,1,0,2190,6.0,5,f
exp3,C3BH4P,all,scared,,lexical,proximal,0,1,1740,4.76,4,f
exp3,C3BH4P,all,scared,,cause,distal,1,0,1740,4.76,4,f
exp3,C3BH4P,all,surprised,,lexical,proximal,0,1,1740,4.76,4,f
exp3,C3BH4P,all,surprised,,cause,distal,1,0,1740,4.76,4,f
exp3,A6FM3G,all,surprised,,lexical,distal,1,0,1470,4.02,4,m
exp3,A6FM3G,all,surprised,,cause,proximal,0,1,1470,4.02,4,m
exp3,A6FM3G,all,scared,,lexical,proximal,0,1,1470,4.02,4,m
exp3,A6FM3G,all,scared,,cause,distal,1,0,1470,4.02,4,m
exp3,QRdDcB,all,surprised,,cause,proximal,0,1,2670,7.31,7,f
exp3,QRdDcB,all,surprised,,lexical,proximal,0,1,2670,7.31,7,f
exp3,QRdDcB,all,scared,,cause,distal,1,0,2670,7.31,7,f
exp3,QRdDcB,all,scared,,lexical,proximal,0,1,2670,7.31,7,f
exp3,SWGSGB,all,scared,,lexical,proximal,0,1,3390,9.28,9,f
exp3,SWGSGB,all,scared,,cause,distal,1,0,3390,9.28,9,f
exp3,SWGSGB,all,surprised,,lexical,distal,1,0,3390,9.28,9,f
exp3,SWGSGB,all,surprised,,cause,proximal,0,1,3390,9.28,9,f
exp3,VWdc64,all,surprised,,cause,distal,1,0,3000,8.21,8,f
exp3,VWdc64,all,surprised,,lexical,proximal,0,1,3000,8.21,8,f
exp3,VWdc64,all,scared,,cause,proximal,0,1,3000,8.21,8,f
exp3,VWdc64,all,scared,,lexical,distal,1,0,3000,8.21,8,f
exp3,PYQ2RJ,all,scared,,lexical,proximal,0,1,2280,6.24,6,f
exp3,PYQ2RJ,all,scared,,cause,distal,1,0,2280,6.24,6,f
exp3,PYQ2RJ,all,surprised,,lexical,proximal,0,1,2280,6.24,6,f
exp3,PYQ2RJ,all,surprised,,cause,distal,1,0,2280,6.24,6,f
exp3,KAFBQY,all,surprised,,lexical,proximal,0,1,2700,7.39,7,m
exp3,KAFBQY,all,surprised,,cause,proximal,0,1,2700,7.39,7,m
exp3,KAFBQY,all,scared,,lexical,proximal,0,1,2700,7.39,7,m
exp3,KAFBQY,all,scared,,cause,proximal,0,1,2700,7.39,7,m
exp3,AT27cA,all,scared,,lexical,proximal,0,1,2610,7.15,7,m
exp3,AT27cA,all,scared,,cause,distal,1,0,2610,7.15,7,m
exp3,AT27cA,all,surprised,,lexical,proximal,0,1,2610,7.15,7,m
exp3,AT27cA,all,surprised,,cause,distal,1,0,2610,7.15,7,m
exp3,cCc6TF,all,scared,,cause,distal,1,0,2010,5.5,5,f
exp3,cCc6TF,all,scared,,lexical,proximal,0,1,2010,5.5,5,f
exp3,cCc6TF,all,surprised,,cause,distal,1,0,2010,5.5,5,f
exp3,cCc6TF,all,surprised,,lexical,proximal,0,1,2010,5.5,5,f
exp3,2FXXKE,all,surprised,,cause,proximal,0,1,1770,4.85,4,m
exp3,2FXXKE,all,surprised,,lexical,proximal,0,1,1770,4.85,4,m
exp3,2FXXKE,all,scared,,cause,proximal,0,1,1770,4.85,4,m
exp3,2FXXKE,all,scared,,lexical,proximal,0,1,1770,4.85,4,m
exp3,2KFTY6,all,scared,,cause,proximal,0,1,2010,5.5,5,f
exp3,2KFTY6,all,scared,,lexical,proximal,0,1,2010,5.5,5,f
exp3,2KFTY6,all,surprised,,cause,proximal,0,1,2010,5.5,5,f
exp3,2KFTY6,all,surprised,,lexical,proximal,0,1,2010,5.5,5,f
exp3,YA6D3H,all,scared,,lexical,proximal,0,1,3210,8.79,8,f
exp3,YA6D3H,all,scared,,cause,distal,1,0,3210,8.79,8,f
exp3,YA6D3H,all,surprised,,lexical,proximal,0,1,3210,8.79,8,f
exp3,YA6D3H,all,surprised,,cause,distal,1,0,3210,8.79,8,f
exp3,QSK4PZ,all,scared,,lexical,distal,1,0,2040,5.59,5,m
exp3,QSK4PZ,all,scared,,cause,distal,1,0,2040,5.59,5,m
exp3,QSK4PZ,all,surprised,,lexical,distal,1,0,2040,5.59,5,m
exp3,QSK4PZ,all,surprised,,cause,distal,1,0,2040,5.59,5,m
exp3,dMKDB5,all,scared,,cause,proximal,0,1,1350,3.7,3,m
exp3,dMKDB5,all,scared,,lexical,proximal,0,1,1350,3.7,3,m
exp3,dMKDB5,all,surprised,,cause,distal,1,0,1350,3.7,3,m
exp3,dMKDB5,all,surprised,,lexical,proximal,0,1,1350,3.7,3,m
exp3,LHTSMR,all,surprised,,lexical,distal,1,0,2280,6.24,6,m
exp3,LHTSMR,all,surprised,,cause,distal,1,0,2280,6.24,6,m
exp3,LHTSMR,all,scared,,lexical,proximal,0,1,2280,6.24,6,m
exp3,LHTSMR,all,scared,,cause,distal,1,0,2280,6.24,6,m
exp3,UCVVXA,all,surprised,,lexical,proximal,0,1,3150,8.62,8,m
exp3,UCVVXA,all,surprised,,cause,distal,1,0,3150,8.62,8,m
exp3,UCVVXA,all,scared,,lexical,proximal,0,1,3150,8.62,8,m
exp3,UCVVXA,all,scared,,cause,distal,1,0,3150,8.62,8,m
exp3,CBTL4V,all,scared,,lexical,proximal,0,1,2400,6.57,6,m
exp3,CBTL4V,all,scared,,cause,distal,1,0,2400,6.57,6,m
exp3,CBTL4V,all,surprised,,lexical,proximal,0,1,2400,6.57,6,m
exp3,CBTL4V,all,surprised,,cause,distal,1,0,2400,6.57,6,m
exp3,PdcXEU,all,surprised,,lexical,distal,1,0,1320,3.61,3,f
exp3,PdcXEU,all,surprised,,cause,distal,1,0,1320,3.61,3,f
exp3,PdcXEU,all,scared,,lexical,distal,1,0,1320,3.61,3,f
exp3,PdcXEU,all,scared,,cause,distal,1,0,1320,3.61,3,f
exp3,V67FVU,all,scared,,lexical,proximal,0,1,1560,4.27,4,f
exp3,V67FVU,all,scared,,cause,distal,1,0,1560,4.27,4,f
exp3,V67FVU,all,surprised,,lexical,proximal,0,1,1560,4.27,4,f
exp3,V67FVU,all,surprised,,cause,distal,1,0,1560,4.27,4,f
exp3,JWGXUK,all,scared,,cause,proximal,0,1,3210,8.79,8,f
exp3,JWGXUK,all,scared,,lexical,proximal,0,1,3210,8.79,8,f
exp3,JWGXUK,all,surprised,,cause,proximal,0,1,3210,8.79,8,f
exp3,JWGXUK,all,surprised,,lexical,proximal,0,1,3210,8.79,8,f
exp3,MUZ3BS,all,surprised,,lexical,proximal,0,1,2580,7.06,7,f
exp3,MUZ3BS,all,surprised,,cause,distal,1,0,2580,7.06,7,f
exp3,MUZ3BS,all,scared,,lexical,proximal,0,1,2580,7.06,7,f
exp3,MUZ3BS,all,scared,,cause,distal,1,0,2580,7.06,7,f
exp3,P3MGUG,all,surprised,,cause,proximal,0,1,2340,6.41,6,m
exp3,P3MGUG,all,surprised,,lexical,proximal,0,1,2340,6.41,6,m
exp3,P3MGUG,all,scared,,cause,proximal,0,1,2340,6.41,6,m
exp3,P3MGUG,all,scared,,lexical,proximal,0,1,2340,6.41,6,m
exp3,2X7LDH,all,scared,,lexical,proximal,0,1,1830,5.01,5,m
exp3,2X7LDH,all,scared,,cause,distal,1,0,1830,5.01,5,m
exp3,2X7LDH,all,surprised,,lexical,proximal,0,1,1830,5.01,5,m
exp3,2X7LDH,all,surprised,,cause,distal,1,0,1830,5.01,5,m
exp3,dYL6XH,all,scared,,lexical,proximal,0,1,1530,4.19,4,m
exp3,dYL6XH,all,scared,,cause,distal,1,0,1530,4.19,4,m
exp3,dYL6XH,all,surprised,,lexical,distal,1,0,1530,4.19,4,m
exp3,dYL6XH,all,surprised,,cause,distal,1,0,1530,4.19,4,m
exp3,3636AP,all,surprised,,cause,proximal,0,1,3330,9.12,9,m
exp3,3636AP,all,surprised,,lexical,proximal,0,1,3330,9.12,9,m
exp3,3636AP,all,scared,,cause,proximal,0,1,3330,9.12,9,m
exp3,3636AP,all,scared,,lexical,proximal,0,1,3330,9.12,9,m
exp3,XM4STL,all,surprised,,cause,proximal,0,1,3120,8.54,8,f
exp3,XM4STL,all,surprised,,lexical,proximal,0,1,3120,8.54,8,f
exp3,XM4STL,all,scared,,cause,distal,1,0,3120,8.54,8,f
exp3,XM4STL,all,scared,,lexical,proximal,0,1,3120,8.54,8,f
exp3,6cYH2B,all,surprised,,cause,proximal,0,1,3300,9.03,9,m
exp3,6cYH2B,all,surprised,,lexical,proximal,0,1,3300,9.03,9,m
exp3,6cYH2B,all,scared,,cause,distal,1,0,3300,9.03,9,m
exp3,6cYH2B,all,scared,,lexical,proximal,0,1,3300,9.03,9,m
exp3,6XRR6S,all,scared,,lexical,proximal,0,1,2580,7.06,7,f
exp3,6XRR6S,all,scared,,cause,distal,1,0,2580,7.06,7,f
exp3,6XRR6S,all,surprised,,lexical,proximal,0,1,2580,7.06,7,f
exp3,6XRR6S,all,surprised,,cause,distal,1,0,2580,7.06,7,f
exp3,YE3SWB,all,scared,,cause,proximal,0,1,1290,3.53,3,f
exp3,YE3SWB,all,scared,,lexical,distal,1,0,1290,3.53,3,f
exp3,YE3SWB,all,surprised,,cause,proximal,0,1,1290,3.53,3,f
exp3,YE3SWB,all,surprised,,lexical,distal,1,0,1290,3.53,3,f
exp3,DHRd4T,all,surprised,,lexical,proximal,0,1,1650,4.52,4,f
exp3,DHRd4T,all,surprised,,cause,distal,1,0,1650,4.52,4,f
exp3,DHRd4T,all,scared,,lexical,proximal,0,1,1650,4.52,4,f
exp3,DHRd4T,all,scared,,cause,distal,1,0,1650,4.52,4,f
exp3,MUU6BM,all,scared,,cause,distal,1,0,2760,7.56,7,m
exp3,MUU6BM,all,scared,,lexical,proximal,0,1,2760,7.56,7,m
exp3,MUU6BM,all,surprised,,cause,distal,1,0,2760,7.56,7,m
exp3,MUU6BM,all,surprised,,lexical,proximal,0,1,2760,7.56,7,m
exp3,WHWGBF,all,scared,,lexical,proximal,0,1,2700,7.39,7,m
exp3,WHWGBF,all,scared,,cause,distal,1,0,2700,7.39,7,m
exp3,WHWGBF,all,surprised,,lexical,proximal,0,1,2700,7.39,7,m
exp3,WHWGBF,all,surprised,,cause,distal,1,0,2700,7.39,7,m
exp3,VQ2NEJ,all,scared,,lexical,proximal,0,1,2700,7.39,7,f
exp3,VQ2NEJ,all,scared,,cause,distal,1,0,2700,7.39,7,f
exp3,VQ2NEJ,all,surprised,,lexical,proximal,0,1,2700,7.39,7,f
exp3,VQ2NEJ,all,surprised,,cause,distal,1,0,2700,7.39,7,f
exp3,HS2LWH,all,surprised,,cause,distal,1,0,2910,7.97,7,m
exp3,HS2LWH,all,surprised,,lexical,proximal,0,1,2910,7.97,7,m
exp3,HS2LWH,all,scared,,cause,proximal,0,1,2910,7.97,7,m
exp3,HS2LWH,all,scared,,lexical,proximal,0,1,2910,7.97,7,m
exp3,6XdSN2,all,scared,,lexical,proximal,0,1,1740,4.76,4,m
exp3,6XdSN2,all,scared,,cause,distal,1,0,1740,4.76,4,m
exp3,6XdSN2,all,surprised,,lexical,proximal,0,1,1740,4.76,4,m
exp3,6XdSN2,all,surprised,,cause,distal,1,0,1740,4.76,4,m
exp3,B3LGZH,all,surprised,,lexical,proximal,0,1,1860,5.09,5,m
exp3,B3LGZH,all,surprised,,cause,proximal,0,1,1860,5.09,5,m
exp3,B3LGZH,all,scared,,lexical,proximal,0,1,1860,5.09,5,m
exp3,B3LGZH,all,scared,,cause,proximal,0,1,1860,5.09,5,m
exp3,2GXCFP,all,surprised,,lexical,proximal,0,1,3360,9.2,9,m
exp3,2GXCFP,all,surprised,,cause,distal,1,0,3360,9.2,9,m
exp3,2GXCFP,all,scared,,lexical,proximal,0,1,3360,9.2,9,m
exp3,2GXCFP,all,scared,,cause,distal,1,0,3360,9.2,9,m
exp3,3CFdNK,all,scared,,cause,distal,1,0,1740,4.76,4,f
exp3,3CFdNK,all,scared,,lexical,proximal,0,1,1740,4.76,4,f
exp3,3CFdNK,all,surprised,,cause,distal,1,0,1740,4.76,4,f
exp3,3CFdNK,all,surprised,,lexical,proximal,0,1,1740,4.76,4,f
exp3,B5NQAJ,all,surprised,,cause,distal,1,0,3510,9.61,9,f
exp3,B5NQAJ,all,surprised,,lexical,distal,1,0,3510,9.61,9,f
exp3,B5NQAJ,all,scared,,cause,distal,1,0,3510,9.61,9,f
exp3,B5NQAJ,all,scared,,lexical,distal,1,0,3510,9.61,9,f
exp3,QNKQSC,all,scared,,lexical,proximal,0,1,3360,9.2,9,m
exp3,QNKQSC,all,scared,,cause,distal,1,0,3360,9.2,9,m
exp3,QNKQSC,all,surprised,,lexical,proximal,0,1,3360,9.2,9,m
exp3,QNKQSC,all,surprised,,cause,distal,1,0,3360,9.2,9,m
exp3,dPBCD7,all,scared,,lexical,proximal,0,1,1830,5.01,5,m
exp3,dPBCD7,all,scared,,cause,distal,1,0,1830,5.01,5,m
exp3,dPBCD7,all,surprised,,lexical,proximal,0,1,1830,5.01,5,m
exp3,dPBCD7,all,surprised,,cause,distal,1,0,1830,5.01,5,m
exp3,d4cdQW,all,surprised,,lexical,distal,1,0,2730,7.47,7,m
exp3,d4cdQW,all,surprised,,cause,distal,1,0,2730,7.47,7,m
exp3,d4cdQW,all,scared,,lexical,proximal,0,1,2730,7.47,7,m
exp3,d4cdQW,all,scared,,cause,distal,1,0,2730,7.47,7,m
exp3,Wc5DFS,all,scared,,lexical,proximal,0,1,2310,6.32,6,f
exp3,Wc5DFS,all,scared,,cause,proximal,0,1,2310,6.32,6,f
exp3,Wc5DFS,all,surprised,,lexical,proximal,0,1,2310,6.32,6,f
exp3,Wc5DFS,all,surprised,,cause,proximal,0,1,2310,6.32,6,f
exp3,BdNTZ4,all,surprised,,cause,proximal,0,1,3300,9.03,9,m
exp3,BdNTZ4,all,surprised,,lexical,distal,1,0,3300,9.03,9,m
exp3,BdNTZ4,all,scared,,cause,distal,1,0,3300,9.03,9,m
exp3,BdNTZ4,all,scared,,lexical,proximal,0,1,3300,9.03,9,m
exp3,3WJ3FE,all,scared,,cause,proximal,0,1,1800,4.93,4,f
exp3,3WJ3FE,all,scared,,lexical,proximal,0,1,1800,4.93,4,f
exp3,3WJ3FE,all,surprised,,cause,proximal,0,1,1800,4.93,4,f
exp3,3WJ3FE,all,surprised,,lexical,proximal,0,1,1800,4.93,4,f
exp3,7PZKPN,all,surprised,,cause,proximal,0,1,2580,7.06,7,f
exp3,7PZKPN,all,surprised,,lexical,proximal,0,1,2580,7.06,7,f
exp3,7PZKPN,all,scared,,cause,proximal,0,1,2580,7.06,7,f
exp3,7PZKPN,all,scared,,lexical,proximal,0,1,2580,7.06,7,f
exp3,WVHd2F,all,scared,,lexical,proximal,0,1,2790,7.64,7,m
exp3,WVHd2F,all,scared,,cause,distal,1,0,2790,7.64,7,m
exp3,WVHd2F,all,surprised,,lexical,proximal,0,1,2790,7.64,7,m
exp3,WVHd2F,all,surprised,,cause,distal,1,0,2790,7.64,7,m
exp3,QEJ5BQ,all,surprised,,cause,proximal,0,1,2700,7.39,7,m
exp3,QEJ5BQ,all,surprised,,lexical,distal,1,0,2700,7.39,7,m
exp3,QEJ5BQ,all,scared,,cause,proximal,0,1,2700,7.39,7,m
exp3,QEJ5BQ,all,scared,,lexical,proximal,0,1,2700,7.39,7,m
exp3,2W76QJ,all,scared,,cause,proximal,0,1,3480,9.53,9,m
exp3,2W76QJ,all,scared,,lexical,proximal,0,1,3480,9.53,9,m
exp3,2W76QJ,all,surprised,,cause,distal,1,0,3480,9.53,9,m
exp3,2W76QJ,all,surprised,,lexical,proximal,0,1,3480,9.53,9,m
exp3,PdVEX5,all,scared,,cause,distal,1,0,3090,8.46,8,f
exp3,PdVEX5,all,scared,,lexical,proximal,0,1,3090,8.46,8,f
exp3,PdVEX5,all,surprised,,cause,proximal,0,1,3090,8.46,8,f
exp3,PdVEX5,all,surprised,,lexical,proximal,0,1,3090,8.46,8,f
exp3,CD44U3,all,scared,,lexical,proximal,0,1,1320,3.61,3,f
exp3,CD44U3,all,scared,,cause,distal,1,0,1320,3.61,3,f
exp3,CD44U3,all,surprised,,lexical,distal,1,0,1320,3.61,3,f
exp3,CD44U3,all,surprised,,cause,proximal,0,1,1320,3.61,3,f
exp3,Pc72BV,all,surprised,,cause,distal,1,0,2310,6.32,6,f
exp3,Pc72BV,all,surprised,,lexical,proximal,0,1,2310,6.32,6,f
exp3,Pc72BV,all,scared,,cause,distal,1,0,2310,6.32,6,f
exp3,Pc72BV,all,scared,,lexical,distal,1,0,2310,6.32,6,f
exp3,VDUWZJ,all,scared,,cause,distal,1,0,2790,7.64,7,f
exp3,VDUWZJ,all,scared,,lexical,proximal,0,1,2790,7.64,7,f
exp3,VDUWZJ,all,surprised,,cause,distal,1,0,2790,7.64,7,f
exp3,VDUWZJ,all,surprised,,lexical,proximal,0,1,2790,7.64,7,f
exp3,cKPS5K,all,scared,,cause,distal,1,0,2070,5.67,5,f
exp3,cKPS5K,all,scared,,lexical,proximal,0,1,2070,5.67,5,f
exp3,cKPS5K,all,surprised,,cause,proximal,0,1,2070,5.67,5,f
exp3,cKPS5K,all,surprised,,lexical,proximal,0,1,2070,5.67,5,f
exp3,63TCUB,all,scared,,cause,proximal,0,1,1890,5.17,5,m
exp3,63TCUB,all,scared,,lexical,proximal,0,1,1890,5.17,5,m
exp3,63TCUB,all,surprised,,cause,distal,1,0,1890,5.17,5,m
exp3,63TCUB,all,surprised,,lexical,proximal,0,1,1890,5.17,5,m
exp3,RHFRXH,all,scared,,lexical,proximal,0,1,3240,8.87,8,m
exp3,RHFRXH,all,scared,,cause,distal,1,0,3240,8.87,8,m
exp3,RHFRXH,all,surprised,,lexical,proximal,0,1,3240,8.87,8,m
exp3,RHFRXH,all,surprised,,cause,distal,1,0,3240,8.87,8,m
exp3,cEWEU5,all,scared,,lexical,proximal,0,1,1770,4.85,4,m
exp3,cEWEU5,all,scared,,cause,proximal,0,1,1770,4.85,4,m
exp3,cEWEU5,all,surprised,,lexical,proximal,0,1,1770,4.85,4,m
exp3,cEWEU5,all,surprised,,cause,proximal,0,1,1770,4.85,4,m
exp3,4QMJDJ,all,scared,,lexical,distal,1,0,1350,3.7,3,m
exp3,4QMJDJ,all,scared,,cause,proximal,0,1,1350,3.7,3,m
exp3,4QMJDJ,all,surprised,,lexical,distal,1,0,1350,3.7,3,m
exp3,4QMJDJ,all,surprised,,cause,proximal,0,1,1350,3.7,3,m
exp3,EJD64P,all,scared,,lexical,proximal,0,1,1440,3.94,3,m
exp3,EJD64P,all,scared,,cause,proximal,0,1,1440,3.94,3,m
exp3,EJD64P,all,surprised,,lexical,proximal,0,1,1440,3.94,3,m
exp3,EJD64P,all,surprised,,cause,proximal,0,1,1440,3.94,3,m
exp3,dSAJNY,all,scared,,cause,distal,1,0,3210,8.79,8,m
exp3,dSAJNY,all,scared,,lexical,proximal,0,1,3210,8.79,8,m
exp3,dSAJNY,all,surprised,,cause,distal,1,0,3210,8.79,8,m
exp3,dSAJNY,all,surprised,,lexical,proximal,0,1,3210,8.79,8,m
exp3,44JCcB,all,scared,,lexical,proximal,0,1,2070,5.67,5,f
exp3,44JCcB,all,scared,,cause,distal,1,0,2070,5.67,5,f
exp3,44JCcB,all,surprised,,lexical,proximal,0,1,2070,5.67,5,f
exp3,44JCcB,all,surprised,,cause,distal,1,0,2070,5.67,5,f
exp3,MSNGTB,all,scared,,lexical,proximal,0,1,1410,3.86,3,f
exp3,MSNGTB,all,scared,,cause,distal,1,0,1410,3.86,3,f
exp3,MSNGTB,all,surprised,,lexical,proximal,0,1,1410,3.86,3,f
exp3,MSNGTB,all,surprised,,cause,distal,1,0,1410,3.86,3,f
exp3,JHQ62R,all,scared,,lexical,proximal,0,1,3060,8.38,8,m
exp3,JHQ62R,all,scared,,cause,distal,1,0,3060,8.38,8,m
exp3,JHQ62R,all,surprised,,lexical,proximal,0,1,3060,8.38,8,m
exp3,JHQ62R,all,surprised,,cause,distal,1,0,3060,8.38,8,m
exp3,2WFFVU,all,scared,,lexical,proximal,0,1,2250,6.16,6,f
exp3,2WFFVU,all,scared,,cause,distal,1,0,2250,6.16,6,f
exp3,2WFFVU,all,surprised,,lexical,proximal,0,1,2250,6.16,6,f
exp3,2WFFVU,all,surprised,,cause,distal,1,0,2250,6.16,6,f
exp3,QV6SSP,all,scared,,lexical,distal,1,0,1890,5.17,5,f
exp3,QV6SSP,all,scared,,cause,proximal,0,1,1890,5.17,5,f
exp3,QV6SSP,all,surprised,,lexical,proximal,0,1,1890,5.17,5,f
exp3,QV6SSP,all,surprised,,cause,distal,1,0,1890,5.17,5,f
exp3,GCALEc,all,scared,,cause,distal,1,0,2250,6.16,6,m
exp3,GCALEc,all,scared,,lexical,proximal,0,1,2250,6.16,6,m
exp3,GCALEc,all,surprised,,cause,proximal,0,1,2250,6.16,6,m
exp3,GCALEc,all,surprised,,lexical,proximal,0,1,2250,6.16,6,m
exp3,QCGCHc,all,scared,,cause,distal,1,0,3330,9.12,9,f
exp3,QCGCHc,all,scared,,lexical,proximal,0,1,3330,9.12,9,f
exp3,QCGCHc,all,surprised,,cause,proximal,0,1,3330,9.12,9,f
exp3,QCGCHc,all,surprised,,lexical,proximal,0,1,3330,9.12,9,f
exp3,D2CF4J,all,scared,,cause,proximal,0,1,1890,5.17,5,f
exp3,D2CF4J,all,scared,,lexical,proximal,0,1,1890,5.17,5,f
exp3,D2CF4J,all,surprised,,cause,proximal,0,1,1890,5.17,5,f
exp3,D2CF4J,all,surprised,,lexical,distal,1,0,1890,5.17,5,f
exp3,XTUGGM,all,surprised,,lexical,distal,1,0,1200,3.29,3,m
exp3,XTUGGM,all,surprised,,cause,proximal,0,1,1200,3.29,3,m
exp3,XTUGGM,all,scared,,lexical,distal,1,0,1200,3.29,3,m
exp3,XTUGGM,all,scared,,cause,proximal,0,1,1200,3.29,3,m
exp3,UTUNFM,all,scared,,cause,distal,1,0,2160,5.91,5,m
exp3,UTUNFM,all,scared,,lexical,proximal,0,1,2160,5.91,5,m
exp3,UTUNFM,all,surprised,,cause,distal,1,0,2160,5.91,5,m
exp3,UTUNFM,all,surprised,,lexical,proximal,0,1,2160,5.91,5,m
exp3,XL2SFC,all,scared,,lexical,proximal,0,1,2820,7.72,7,f
exp3,XL2SFC,all,scared,,cause,distal,1,0,2820,7.72,7,f
exp3,XL2SFC,all,surprised,,lexical,proximal,0,1,2820,7.72,7,f
exp3,XL2SFC,all,surprised,,cause,distal,1,0,2820,7.72,7,f
exp3,SW6NB4,all,surprised,,cause,proximal,0,1,1200,3.29,3,m
exp3,SW6NB4,all,surprised,,lexical,proximal,0,1,1200,3.29,3,m
exp3,SW6NB4,all,scared,,cause,proximal,0,1,1200,3.29,3,m
exp3,SW6NB4,all,scared,,lexical,proximal,0,1,1200,3.29,3,m
exp3,HcDcLN,all,scared,,lexical,proximal,0,1,2040,5.59,5,m
exp3,HcDcLN,all,scared,,cause,distal,1,0,2040,5.59,5,m
exp3,HcDcLN,all,surprised,,lexical,proximal,0,1,2040,5.59,5,m
exp3,HcDcLN,all,surprised,,cause,distal,1,0,2040,5.59,5,m
exp3,V6K6LY,all,surprised,,lexical,proximal,0,1,2640,7.23,7,m
exp3,V6K6LY,all,surprised,,cause,distal,1,0,2640,7.23,7,m
exp3,V6K6LY,all,scared,,lexical,proximal,0,1,2640,7.23,7,m
exp3,V6K6LY,all,scared,,cause,distal,1,0,2640,7.23,7,m
exp3,QMAXDE,all,scared,,lexical,proximal,0,1,1620,4.44,4,m
exp3,QMAXDE,all,scared,,cause,distal,1,0,1620,4.44,4,m
exp3,QMAXDE,all,surprised,,lexical,proximal,0,1,1620,4.44,4,m
exp3,QMAXDE,all,surprised,,cause,distal,1,0,1620,4.44,4,m
exp3,VNSB3D,all,surprised,,lexical,proximal,0,1,3330,9.12,9,m
exp3,VNSB3D,all,surprised,,cause,distal,1,0,3330,9.12,9,m
exp3,VNSB3D,all,scared,,lexical,proximal,0,1,3330,9.12,9,m
exp3,VNSB3D,all,scared,,cause,distal,1,0,3330,9.12,9,m
exp3,7LcX6W,all,surprised,,lexical,distal,1,0,3090,8.46,8,m
exp3,7LcX6W,all,surprised,,cause,distal,1,0,3090,8.46,8,m
exp3,7LcX6W,all,scared,,lexical,proximal,0,1,3090,8.46,8,m
exp3,7LcX6W,all,scared,,cause,proximal,0,1,3090,8.46,8,m
exp3,KVYBKW,all,scared,,lexical,proximal,0,1,1830,5.01,5,m
exp3,KVYBKW,all,scared,,cause,distal,1,0,1830,5.01,5,m
exp3,KVYBKW,all,surprised,,lexical,proximal,0,1,1830,5.01,5,m
exp3,KVYBKW,all,surprised,,cause,distal,1,0,1830,5.01,5,m
exp3,4VAMBS,all,surprised,,lexical,proximal,0,1,2460,6.74,6,m
exp3,4VAMBS,all,surprised,,cause,distal,1,0,2460,6.74,6,m
exp3,4VAMBS,all,scared,,lexical,proximal,0,1,2460,6.74,6,m
exp3,4VAMBS,all,scared,,cause,distal,1,0,2460,6.74,6,m
exp3,TAAYBY,all,scared,,cause,distal,1,0,1740,4.76,4,m
exp3,TAAYBY,all,scared,,lexical,proximal,0,1,1740,4.76,4,m
exp3,TAAYBY,all,surprised,,cause,distal,1,0,1740,4.76,4,m
exp3,TAAYBY,all,surprised,,lexical,proximal,0,1,1740,4.76,4,m
exp3,L36P4L,all,scared,,cause,distal,1,0,2640,7.23,7,f
exp3,L36P4L,all,scared,,lexical,proximal,0,1,2640,7.23,7,f
exp3,L36P4L,all,surprised,,cause,distal,1,0,2640,7.23,7,f
exp3,L36P4L,all,surprised,,lexical,proximal,0,1,2640,7.23,7,f
exp3,YDW5JT,all,scared,,cause,distal,1,0,2730,7.47,7,f
exp3,YDW5JT,all,scared,,lexical,proximal,0,1,2730,7.47,7,f
exp3,YDW5JT,all,surprised,,cause,distal,1,0,2730,7.47,7,f
exp3,YDW5JT,all,surprised,,lexical,proximal,0,1,2730,7.47,7,f
exp3,WLRD2A,all,surprised,,lexical,proximal,0,1,1560,4.27,4,f
exp3,WLRD2A,all,surprised,,cause,proximal,0,1,1560,4.27,4,f
exp3,WLRD2A,all,scared,,lexical,proximal,0,1,1560,4.27,4,f
exp3,WLRD2A,all,scared,,cause,distal,1,0,1560,4.27,4,f
exp3,WAQ4TR,all,surprised,,cause,distal,1,0,1560,4.27,4,f
exp3,WAQ4TR,all,surprised,,lexical,proximal,0,1,1560,4.27,4,f
exp3,WAQ4TR,all,scared,,cause,distal,1,0,1560,4.27,4,f
exp3,WAQ4TR,all,scared,,lexical,distal,1,0,1560,4.27,4,f
exp3,M3dELE,all,scared,,lexical,proximal,0,1,1680,4.6,4,f
exp3,M3dELE,all,scared,,cause,distal,1,0,1680,4.6,4,f
exp3,M3dELE,all,surprised,,lexical,proximal,0,1,1680,4.6,4,f
exp3,M3dELE,all,surprised,,cause,distal,1,0,1680,4.6,4,f
exp3,QKDVTT,all,surprised,,lexical,distal,1,0,1170,3.2,3,m
exp3,QKDVTT,all,surprised,,cause,proximal,0,1,1170,3.2,3,m
exp3,QKDVTT,all,scared,,lexical,distal,1,0,1170,3.2,3,m
exp3,QKDVTT,all,scared,,cause,proximal,0,1,1170,3.2,3,m
exp3,PJRJGK,all,surprised,,lexical,proximal,0,1,1830,5.01,5,m
exp3,PJRJGK,all,surprised,,cause,proximal,0,1,1830,5.01,5,m
exp3,PJRJGK,all,scared,,lexical,proximal,0,1,1830,5.01,5,m
exp3,PJRJGK,all,scared,,cause,proximal,0,1,1830,5.01,5,m
exp3,YNXAHL,all,surprised,,cause,distal,1,0,3630,9.94,9,m
exp3,YNXAHL,all,surprised,,lexical,proximal,0,1,3630,9.94,9,m
exp3,YNXAHL,all,scared,,cause,distal,1,0,3630,9.94,9,m
exp3,YNXAHL,all,scared,,lexical,proximal,0,1,3630,9.94,9,m
exp3,V5B2dL,all,surprised,,lexical,distal,1,0,1920,5.26,5,m
exp3,V5B2dL,all,surprised,,cause,distal,1,0,1920,5.26,5,m
exp3,V5B2dL,all,scared,,lexical,proximal,0,1,1920,5.26,5,m
exp3,V5B2dL,all,scared,,cause,distal,1,0,1920,5.26,5,m
exp3,UVJDWE,all,scared,,cause,distal,1,0,1320,3.61,3,f
exp3,UVJDWE,all,scared,,lexical,proximal,0,1,1320,3.61,3,f
exp3,UVJDWE,all,surprised,,cause,distal,1,0,1320,3.61,3,f
exp3,UVJDWE,all,surprised,,lexical,proximal,0,1,1320,3.61,3,f
exp3,ZN45ZU,all,scared,,cause,distal,1,0,2880,7.89,7,m
exp3,ZN45ZU,all,scared,,lexical,proximal,0,1,2880,7.89,7,m
exp3,ZN45ZU,all,surprised,,cause,distal,1,0,2880,7.89,7,m
exp3,ZN45ZU,all,surprised,,lexical,proximal,0,1,2880,7.89,7,m
exp3,VMEc72,all,scared,,cause,distal,1,0,2190,6.0,5,f
exp3,VMEc72,all,scared,,lexical,proximal,0,1,2190,6.0,5,f
exp3,VMEc72,all,surprised,,cause,distal,1,0,2190,6.0,5,f
exp3,VMEc72,all,surprised,,lexical,proximal,0,1,2190,6.0,5,f
exp3,4XP3LU,all,surprised,,lexical,proximal,0,1,3510,9.61,9,f
exp3,4XP3LU,all,surprised,,cause,distal,1,0,3510,9.61,9,f
exp3,4XP3LU,all,scared,,lexical,proximal,0,1,3510,9.61,9,f
exp3,4XP3LU,all,scared,,cause,distal,1,0,3510,9.61,9,f
exp3,DCKNF3,all,scared,,cause,proximal,0,1,1590,4.35,4,f
exp3,DCKNF3,all,scared,,lexical,distal,1,0,1590,4.35,4,f
exp3,DCKNF3,all,surprised,,cause,distal,1,0,1590,4.35,4,f
exp3,DCKNF3,all,surprised,,lexical,distal,1,0,1590,4.35,4,f
exp3,UP4EPL,all,surprised,,lexical,distal,1,0,2700,7.39,7,f
exp3,UP4EPL,all,surprised,,cause,distal,1,0,2700,7.39,7,f
exp3,UP4EPL,all,scared,,lexical,proximal,0,1,2700,7.39,7,f
exp3,UP4EPL,all,scared,,cause,distal,1,0,2700,7.39,7,f
exp3,NCHZPW,all,surprised,,cause,proximal,0,1,3000,8.21,8,m
exp3,NCHZPW,all,surprised,,lexical,proximal,0,1,3000,8.21,8,m
exp3,NCHZPW,all,scared,,cause,proximal,0,1,3000,8.21,8,m
exp3,NCHZPW,all,scared,,lexical,proximal,0,1,3000,8.21,8,m
exp3,RTKNCP,all,surprised,,cause,proximal,0,1,2790,7.64,7,m
exp3,RTKNCP,all,surprised,,lexical,proximal,0,1,2790,7.64,7,m
exp3,RTKNCP,all,scared,,cause,proximal,0,1,2790,7.64,7,m
exp3,RTKNCP,all,scared,,lexical,proximal,0,1,2790,7.64,7,m
exp3,DdDcJ4,all,surprised,,lexical,distal,1,0,1200,3.29,3,f
exp3,DdDcJ4,all,surprised,,cause,proximal,0,1,1200,3.29,3,f
exp3,DdDcJ4,all,scared,,lexical,proximal,0,1,1200,3.29,3,f
exp3,DdDcJ4,all,scared,,cause,proximal,0,1,1200,3.29,3,f
exp3,RJRB7X,all,scared,,lexical,proximal,0,1,1260,3.45,3,m
exp3,RJRB7X,all,scared,,cause,distal,1,0,1260,3.45,3,m
exp3,RJRB7X,all,surprised,,lexical,distal,1,0,1260,3.45,3,m
exp3,RJRB7X,all,surprised,,cause,proximal,0,1,1260,3.45,3,m
exp3,MTdH27,all,surprised,,lexical,distal,1,0,1230,3.37,3,f
exp3,MTdH27,all,surprised,,cause,proximal,0,1,1230,3.37,3,f
exp3,MTdH27,all,scared,,lexical,distal,1,0,1230,3.37,3,f
exp3,MTdH27,all,scared,,cause,proximal,0,1,1230,3.37,3,f
exp3,PdARNL,all,scared,,lexical,proximal,0,1,3180,8.71,8,m
exp3,PdARNL,all,scared,,cause,distal,1,0,3180,8.71,8,m
exp3,PdARNL,all,surprised,,lexical,proximal,0,1,3180,8.71,8,m
exp3,PdARNL,all,surprised,,cause,distal,1,0,3180,8.71,8,m
exp3,ZPZMGN,all,scared,,cause,proximal,0,1,1380,3.78,3,f
exp3,ZPZMGN,all,scared,,lexical,proximal,0,1,1380,3.78,3,f
exp3,ZPZMGN,all,surprised,,cause,distal,1,0,1380,3.78,3,f
exp3,ZPZMGN,all,surprised,,lexical,proximal,0,1,1380,3.78,3,f
exp3,NHSTAG,all,surprised,,cause,proximal,0,1,1590,4.35,4,m
exp3,NHSTAG,all,surprised,,lexical,distal,1,0,1590,4.35,4,m
exp3,NHSTAG,all,scared,,cause,proximal,0,1,1590,4.35,4,m
exp3,NHSTAG,all,scared,,lexical,distal,1,0,1590,4.35,4,m
exp3,LKJLMZ,all,scared,,cause,distal,1,0,1620,4.44,4,m
exp3,LKJLMZ,all,scared,,lexical,distal,1,0,1620,4.44,4,m
exp3,LKJLMZ,all,surprised,,cause,distal,1,0,1620,4.44,4,m
exp3,LKJLMZ,all,surprised,,lexical,distal,1,0,1620,4.44,4,m
exp3,dcTKRJ,all,surprised,,lexical,proximal,0,1,3000,8.21,8,f
exp3,dcTKRJ,all,surprised,,cause,distal,1,0,3000,8.21,8,f
exp3,dcTKRJ,all,scared,,lexical,proximal,0,1,3000,8.21,8,f
exp3,dcTKRJ,all,scared,,cause,distal,1,0,3000,8.21,8,f
exp3,WGR5CW,all,scared,,lexical,distal,1,0,1410,3.86,3,f
exp3,WGR5CW,all,scared,,cause,distal,1,0,1410,3.86,3,f
exp3,WGR5CW,all,surprised,,lexical,distal,1,0,1410,3.86,3,f
exp3,WGR5CW,all,surprised,,cause,distal,1,0,1410,3.86,3,f
exp3,NNBVQM,all,scared,,cause,distal,1,0,2910,7.97,7,f
exp3,NNBVQM,all,scared,,lexical,distal,1,0,2910,7.97,7,f
exp3,NNBVQM,all,surprised,,cause,proximal,0,1,2910,7.97,7,f
exp3,NNBVQM,all,surprised,,lexical,distal,1,0,2910,7.97,7,f
exp3,Ld3PWD,all,scared,,cause,proximal,0,1,1290,3.53,3,f
exp3,Ld3PWD,all,scared,,lexical,distal,1,0,1290,3.53,3,f
exp3,Ld3PWD,all,surprised,,cause,proximal,0,1,1290,3.53,3,f
exp3,Ld3PWD,all,surprised,,lexical,distal,1,0,1290,3.53,3,f
exp3,WLRUEP,all,scared,,lexical,proximal,0,1,2880,7.89,7,f
exp3,WLRUEP,all,scared,,cause,distal,1,0,2880,7.89,7,f
exp3,WLRUEP,all,surprised,,lexical,proximal,0,1,2880,7.89,7,f
exp3,WLRUEP,all,surprised,,cause,distal,1,0,2880,7.89,7,f
exp3,dSRJQ6,all,surprised,,lexical,proximal,0,1,2790,7.64,7,f
exp3,dSRJQ6,all,surprised,,cause,distal,1,0,2790,7.64,7,f
exp3,dSRJQ6,all,scared,,lexical,proximal,0,1,2790,7.64,7,f
exp3,dSRJQ6,all,scared,,cause,distal,1,0,2790,7.64,7,f
exp3,KcTRHN,all,scared,,lexical,distal,1,0,1260,3.45,3,m
exp3,KcTRHN,all,scared,,cause,proximal,0,1,1260,3.45,3,m
exp3,KcTRHN,all,surprised,,lexical,distal,1,0,1260,3.45,3,m
exp3,KcTRHN,all,surprised,,cause,proximal,0,1,1260,3.45,3,m
exp3,5KGDdA,all,scared,,cause,proximal,0,1,1740,4.76,4,m
exp3,5KGDdA,all,scared,,lexical,proximal,0,1,1740,4.76,4,m
exp3,5KGDdA,all,surprised,,cause,distal,1,0,1740,4.76,4,m
exp3,5KGDdA,all,surprised,,lexical,proximal,0,1,1740,4.76,4,m
exp3,55ZLAR,all,scared,,cause,distal,1,0,3540,9.69,9,m
exp3,55ZLAR,all,scared,,lexical,proximal,0,1,3540,9.69,9,m
exp3,55ZLAR,all,surprised,,cause,proximal,0,1,3540,9.69,9,m
exp3,55ZLAR,all,surprised,,lexical,proximal,0,1,3540,9.69,9,m
exp3,AHU3GN,all,surprised,,lexical,distal,1,0,1980,5.42,5,m
exp3,AHU3GN,all,surprised,,cause,distal,1,0,1980,5.42,5,m
exp3,AHU3GN,all,scared,,lexical,distal,1,0,1980,5.42,5,m
exp3,AHU3GN,all,scared,,cause,proximal,0,1,1980,5.42,5,m
exp3,DVZ5QC,all,scared,,lexical,proximal,0,1,2760,7.56,7,f
exp3,DVZ5QC,all,scared,,cause,proximal,0,1,2760,7.56,7,f
exp3,DVZ5QC,all,surprised,,lexical,proximal,0,1,2760,7.56,7,f
exp3,DVZ5QC,all,surprised,,cause,distal,1,0,2760,7.56,7,f
exp3,cEWBP4,all,scared,,lexical,distal,1,0,2670,7.31,7,f
exp3,cEWBP4,all,scared,,cause,proximal,0,1,2670,7.31,7,f
exp3,cEWBP4,all,surprised,,lexical,proximal,0,1,2670,7.31,7,f
exp3,cEWBP4,all,surprised,,cause,distal,1,0,2670,7.31,7,f
exp3,Q6A73W,all,surprised,,cause,distal,1,0,2820,7.72,7,f
exp3,Q6A73W,all,surprised,,lexical,proximal,0,1,2820,7.72,7,f
exp3,Q6A73W,all,scared,,cause,proximal,0,1,2820,7.72,7,f
exp3,Q6A73W,all,scared,,lexical,proximal,0,1,2820,7.72,7,f
exp3,HAQDEW,all,surprised,,lexical,proximal,0,1,2070,5.67,5,f
exp3,HAQDEW,all,surprised,,cause,distal,1,0,2070,5.67,5,f
exp3,HAQDEW,all,scared,,lexical,proximal,0,1,2070,5.67,5,f
exp3,HAQDEW,all,scared,,cause,distal,1,0,2070,5.67,5,f
exp3,WN7DdZ,all,surprised,,lexical,proximal,0,1,1620,4.44,4,f
exp3,WN7DdZ,all,surprised,,cause,proximal,0,1,1620,4.44,4,f
exp3,WN7DdZ,all,scared,,lexical,proximal,0,1,1620,4.44,4,f
exp3,WN7DdZ,all,scared,,cause,proximal,0,1,1620,4.44,4,f
exp3,DYK4N5,all,surprised,,lexical,proximal,0,1,2370,6.49,6,m
exp3,DYK4N5,all,surprised,,cause,distal,1,0,2370,6.49,6,m
exp3,DYK4N5,all,scared,,lexical,proximal,0,1,2370,6.49,6,m
exp3,DYK4N5,all,scared,,cause,distal,1,0,2370,6.49,6,m
exp3,F6YLQD,all,scared,,cause,distal,1,0,1110,3.04,3,m
exp3,F6YLQD,all,scared,,lexical,distal,1,0,1110,3.04,3,m
exp3,F6YLQD,all,surprised,,cause,distal,1,0,1110,3.04,3,m
exp3,F6YLQD,all,surprised,,lexical,distal,1,0,1110,3.04,3,m
exp3,KY4BFF,all,surprised,,lexical,proximal,0,1,1320,3.61,3,f
exp3,KY4BFF,all,surprised,,cause,proximal,0,1,1320,3.61,3,f
exp3,KY4BFF,all,scared,,lexical,proximal,0,1,1320,3.61,3,f
exp3,KY4BFF,all,scared,,cause,proximal,0,1,1320,3.61,3,f
exp3,LHHQMZ,all,surprised,,lexical,proximal,0,1,1920,5.26,5,m
exp3,LHHQMZ,all,surprised,,cause,distal,1,0,1920,5.26,5,m
exp3,LHHQMZ,all,scared,,lexical,proximal,0,1,1920,5.26,5,m
exp3,LHHQMZ,all,scared,,cause,distal,1,0,1920,5.26,5,m
exp3,QV3KMF,all,surprised,,cause,distal,1,0,3240,8.87,8,f
exp3,QV3KMF,all,surprised,,lexical,proximal,0,1,3240,8.87,8,f
exp3,QV3KMF,all,scared,,cause,distal,1,0,3240,8.87,8,f
exp3,QV3KMF,all,scared,,lexical,proximal,0,1,3240,8.87,8,f
exp3,74ZPMS,all,scared,,cause,proximal,0,1,1200,3.29,3,f
exp3,74ZPMS,all,scared,,lexical,proximal,0,1,1200,3.29,3,f
exp3,74ZPMS,all,surprised,,cause,proximal,0,1,1200,3.29,3,f
exp3,74ZPMS,all,surprised,,lexical,proximal,0,1,1200,3.29,3,f
exp3,LS3YNC,all,scared,,lexical,proximal,0,1,1680,4.6,4,f
exp3,LS3YNC,all,scared,,cause,distal,1,0,1680,4.6,4,f
exp3,LS3YNC,all,surprised,,lexical,distal,1,0,1680,4.6,4,f
exp3,LS3YNC,all,surprised,,cause,distal,1,0,1680,4.6,4,f
exp3,Zd5WTW,all,scared,,cause,distal,1,0,1770,4.85,4,m
exp3,Zd5WTW,all,scared,,lexical,proximal,0,1,1770,4.85,4,m
exp3,Zd5WTW,all,surprised,,cause,distal,1,0,1770,4.85,4,m
exp3,Zd5WTW,all,surprised,,lexical,proximal,0,1,1770,4.85,4,m
exp3,FS5TCc,all,scared,,cause,proximal,0,1,1860,5.09,5,m
exp3,FS5TCc,all,scared,,lexical,proximal,0,1,1860,5.09,5,m
exp3,FS5TCc,all,surprised,,cause,proximal,0,1,1860,5.09,5,m
exp3,FS5TCc,all,surprised,,lexical,distal,1,0,1860,5.09,5,m
exp3,Fc7RHD,all,surprised,,lexical,proximal,0,1,2850,7.8,7,m
exp3,Fc7RHD,all,surprised,,cause,proximal,0,1,2850,7.8,7,m
exp3,Fc7RHD,all,scared,,lexical,proximal,0,1,2850,7.8,7,m
exp3,Fc7RHD,all,scared,,cause,proximal,0,1,2850,7.8,7,m
exp3,ZLJKFZ,all,scared,,cause,distal,1,0,2700,7.39,7,f
exp3,ZLJKFZ,all,scared,,lexical,proximal,0,1,2700,7.39,7,f
exp3,ZLJKFZ,all,surprised,,cause,distal,1,0,2700,7.39,7,f
exp3,ZLJKFZ,all,surprised,,lexical,proximal,0,1,2700,7.39,7,f
exp3,dS7ABd,all,surprised,,cause,proximal,0,1,3030,8.3,8,m
exp3,dS7ABd,all,surprised,,lexical,proximal,0,1,3030,8.3,8,m
exp3,dS7ABd,all,scared,,cause,distal,1,0,3030,8.3,8,m
exp3,dS7ABd,all,scared,,lexical,proximal,0,1,3030,8.3,8,m
exp3,VDDWKW,all,surprised,,lexical,proximal,0,1,3630,9.94,9,f
exp3,VDDWKW,all,surprised,,cause,distal,1,0,3630,9.94,9,f
exp3,VDDWKW,all,scared,,lexical,proximal,0,1,3630,9.94,9,f
exp3,VDDWKW,all,scared,,cause,distal,1,0,3630,9.94,9,f
exp3,YUBAXL,all,scared,,cause,proximal,0,1,3600,9.86,9,f
exp3,YUBAXL,all,scared,,lexical,proximal,0,1,3600,9.86,9,f
exp3,YUBAXL,all,surprised,,cause,distal,1,0,3600,9.86,9,f
exp3,YUBAXL,all,surprised,,lexical,proximal,0,1,3600,9.86,9,f
exp3,JYS4CA,all,scared,,lexical,distal,1,0,2610,7.15,7,f
exp3,JYS4CA,all,scared,,cause,distal,1,0,2610,7.15,7,f
exp3,JYS4CA,all,surprised,,lexical,proximal,0,1,2610,7.15,7,f
exp3,JYS4CA,all,surprised,,cause,distal,1,0,2610,7.15,7,f
exp3,d43DUX,all,surprised,,cause,proximal,0,1,2430,6.65,6,m
exp3,d43DUX,all,surprised,,lexical,proximal,0,1,2430,6.65,6,m
exp3,d43DUX,all,scared,,cause,proximal,0,1,2430,6.65,6,m
exp3,d43DUX,all,scared,,lexical,distal,1,0,2430,6.65,6,m
exp3,BZZH4T,all,scared,,cause,proximal,0,1,1260,3.45,3,m
exp3,BZZH4T,all,scared,,lexical,distal,1,0,1260,3.45,3,m
exp3,BZZH4T,all,surprised,,cause,distal,1,0,1260,3.45,3,m
exp3,BZZH4T,all,surprised,,lexical,proximal,0,1,1260,3.45,3,m
exp3,73AXDT,all,surprised,,cause,proximal,0,1,1860,5.09,5,f
exp3,73AXDT,all,surprised,,lexical,distal,1,0,1860,5.09,5,f
exp3,73AXDT,all,scared,,cause,proximal,0,1,1860,5.09,5,f
exp3,73AXDT,all,scared,,lexical,distal,1,0,1860,5.09,5,f
exp3,HRJ66E,all,scared,,lexical,proximal,0,1,1350,3.7,3,f
exp3,HRJ66E,all,scared,,cause,proximal,0,1,1350,3.7,3,f
exp3,HRJ66E,all,surprised,,lexical,proximal,0,1,1350,3.7,3,f
exp3,HRJ66E,all,surprised,,cause,proximal,0,1,1350,3.7,3,f
exp3,FCSAEN,all,surprised,,lexical,proximal,0,1,2940,8.05,8,m
exp3,FCSAEN,all,surprised,,cause,proximal,0,1,2940,8.05,8,m
exp3,FCSAEN,all,scared,,lexical,proximal,0,1,2940,8.05,8,m
exp3,FCSAEN,all,scared,,cause,proximal,0,1,2940,8.05,8,m
exp3,2MURSN,all,surprised,,cause,proximal,0,1,1260,3.45,3,m
exp3,2MURSN,all,surprised,,lexical,proximal,0,1,1260,3.45,3,m
exp3,2MURSN,all,scared,,cause,proximal,0,1,1260,3.45,3,m
exp3,2MURSN,all,scared,,lexical,proximal,0,1,1260,3.45,3,m
exp3,Pd6BTF,all,surprised,,lexical,distal,1,0,2580,7.06,7,m
exp3,Pd6BTF,all,surprised,,cause,proximal,0,1,2580,7.06,7,m
exp3,Pd6BTF,all,scared,,lexical,proximal,0,1,2580,7.06,7,m
exp3,Pd6BTF,all,scared,,cause,proximal,0,1,2580,7.06,7,m
exp3,dBMA4J,all,surprised,,lexical,proximal,0,1,1800,4.93,4,f
exp3,dBMA4J,all,surprised,,cause,distal,1,0,1800,4.93,4,f
exp3,dBMA4J,all,scared,,lexical,proximal,0,1,1800,4.93,4,f
exp3,dBMA4J,all,scared,,cause,proximal,0,1,1800,4.93,4,f
exp3,WLYCTc,all,surprised,,lexical,proximal,0,1,3000,8.21,8,f
exp3,WLYCTc,all,surprised,,cause,distal,1,0,3000,8.21,8,f
exp3,WLYCTc,all,scared,,lexical,proximal,0,1,3000,8.21,8,f
exp3,WLYCTc,all,scared,,cause,distal,1,0,3000,8.21,8,f
exp3,ZH5TGZ,all,surprised,,lexical,proximal,0,1,1260,3.45,3,m
exp3,ZH5TGZ,all,surprised,,cause,proximal,0,1,1260,3.45,3,m
exp3,ZH5TGZ,all,scared,,lexical,distal,1,0,1260,3.45,3,m
exp3,ZH5TGZ,all,scared,,cause,proximal,0,1,1260,3.45,3,m
exp3,TZXEDG,all,surprised,,lexical,proximal,0,1,2820,7.72,7,m
exp3,TZXEDG,all,surprised,,cause,distal,1,0,2820,7.72,7,m
exp3,TZXEDG,all,scared,,lexical,proximal,0,1,2820,7.72,7,m
exp3,TZXEDG,all,scared,,cause,distal,1,0,2820,7.72,7,m
exp3,YU3WUQ,all,scared,,lexical,proximal,0,1,1380,3.78,3,f
exp3,YU3WUQ,all,scared,,cause,distal,1,0,1380,3.78,3,f
exp3,YU3WUQ,all,surprised,,lexical,proximal,0,1,1380,3.78,3,f
exp3,YU3WUQ,all,surprised,,cause,distal,1,0,1380,3.78,3,f
exp3,RLJ4QA,all,scared,,lexical,proximal,0,1,3570,9.77,9,m
exp3,RLJ4QA,all,scared,,cause,proximal,0,1,3570,9.77,9,m
exp3,RLJ4QA,all,surprised,,lexical,proximal,0,1,3570,9.77,9,m
exp3,RLJ4QA,all,surprised,,cause,proximal,0,1,3570,9.77,9,m
exp3,73R44Y,all,surprised,,lexical,proximal,0,1,3480,9.53,9,m
exp3,73R44Y,all,surprised,,cause,distal,1,0,3480,9.53,9,m
exp3,73R44Y,all,scared,,lexical,proximal,0,1,3480,9.53,9,m
exp3,73R44Y,all,scared,,cause,distal,1,0,3480,9.53,9,m
exp3,Vc2cAM,all,surprised,,lexical,proximal,0,1,3180,8.71,8,f
exp3,Vc2cAM,all,surprised,,cause,distal,1,0,3180,8.71,8,f
exp3,Vc2cAM,all,scared,,lexical,proximal,0,1,3180,8.71,8,f
exp3,Vc2cAM,all,scared,,cause,distal,1,0,3180,8.71,8,f
exp3,ML37WM,all,surprised,,cause,distal,1,0,3000,8.21,8,m
exp3,ML37WM,all,surprised,,lexical,proximal,0,1,3000,8.21,8,m
exp3,ML37WM,all,scared,,cause,distal,1,0,3000,8.21,8,m
exp3,ML37WM,all,scared,,lexical,proximal,0,1,3000,8.21,8,m
exp3,Y4BWEV,all,scared,,cause,distal,1,0,3600,9.86,9,m
exp3,Y4BWEV,all,scared,,lexical,proximal,0,1,3600,9.86,9,m
exp3,Y4BWEV,all,surprised,,cause,distal,1,0,3600,9.86,9,m
exp3,Y4BWEV,all,surprised,,lexical,proximal,0,1,3600,9.86,9,m
exp3,WdHWRP,all,surprised,,lexical,proximal,0,1,3510,9.61,9,m
exp3,WdHWRP,all,surprised,,cause,distal,1,0,3510,9.61,9,m
exp3,WdHWRP,all,scared,,lexical,proximal,0,1,3510,9.61,9,m
exp3,WdHWRP,all,scared,,cause,distal,1,0,3510,9.61,9,m
exp3,EcM236,all,surprised,,lexical,distal,1,0,3420,9.36,9,m
exp3,EcM236,all,surprised,,cause,distal,1,0,3420,9.36,9,m
exp3,EcM236,all,scared,,lexical,proximal,0,1,3420,9.36,9,m
exp3,EcM236,all,scared,,cause,distal,1,0,3420,9.36,9,m
exp3,GPJ2UU,all,surprised,,lexical,proximal,0,1,3570,9.77,9,f
exp3,GPJ2UU,all,surprised,,cause,distal,1,0,3570,9.77,9,f
exp3,GPJ2UU,all,scared,,lexical,proximal,0,1,3570,9.77,9,f
exp3,GPJ2UU,all,scared,,cause,distal,1,0,3570,9.77,9,f
exp3,WF4VMA,all,surprised,,lexical,proximal,0,1,3480,9.53,9,m
exp3,WF4VMA,all,surprised,,cause,distal,1,0,3480,9.53,9,m
exp3,WF4VMA,all,scared,,lexical,proximal,0,1,3480,9.53,9,m
exp3,WF4VMA,all,scared,,cause,distal,1,0,3480,9.53,9,m
exp3,W2MYZD,all,scared,,cause,distal,1,0,2490,6.82,6,m
exp3,W2MYZD,all,scared,,lexical,proximal,0,1,2490,6.82,6,m
exp3,W2MYZD,all,surprised,,cause,distal,1,0,2490,6.82,6,m
exp3,W2MYZD,all,surprised,,lexical,proximal,0,1,2490,6.82,6,m
exp3,AX4MR4,all,surprised,,cause,distal,1,0,1920,5.26,5,f
exp3,AX4MR4,all,surprised,,lexical,proximal,0,1,1920,5.26,5,f
exp3,AX4MR4,all,scared,,cause,proximal,0,1,1920,5.26,5,f
exp3,AX4MR4,all,scared,,lexical,distal,1,0,1920,5.26,5,f
exp3,X3GWVY,all,scared,,lexical,proximal,0,1,2220,6.08,6,m
exp3,X3GWVY,all,scared,,cause,distal,1,0,2220,6.08,6,m
exp3,X3GWVY,all,surprised,,lexical,proximal,0,1,2220,6.08,6,m
exp3,X3GWVY,all,surprised,,cause,distal,1,0,2220,6.08,6,m
exp3,JDPH5T,all,surprised,,lexical,proximal,0,1,2190,6.0,5,m
exp3,JDPH5T,all,surprised,,cause,distal,1,0,2190,6.0,5,m
exp3,JDPH5T,all,scared,,lexical,proximal,0,1,2190,6.0,5,m
exp3,JDPH5T,all,scared,,cause,distal,1,0,2190,6.0,5,m
exp3,UQ4Gdd,all,scared,,cause,proximal,0,1,2400,6.57,6,m
exp3,UQ4Gdd,all,scared,,lexical,proximal,0,1,2400,6.57,6,m
exp3,UQ4Gdd,all,surprised,,cause,distal,1,0,2400,6.57,6,m
exp3,UQ4Gdd,all,surprised,,lexical,proximal,0,1,2400,6.57,6,m
exp3,HLMWSd,all,scared,,lexical,proximal,0,1,2010,5.5,5,f
exp3,HLMWSd,all,scared,,cause,distal,1,0,2010,5.5,5,f
exp3,HLMWSd,all,surprised,,lexical,proximal,0,1,2010,5.5,5,f
exp3,HLMWSd,all,surprised,,cause,distal,1,0,2010,5.5,5,f
exp3,445VE6,all,surprised,,cause,proximal,0,1,2340,6.41,6,m
exp3,445VE6,all,surprised,,lexical,distal,1,0,2340,6.41,6,m
exp3,445VE6,all,scared,,cause,distal,1,0,2340,6.41,6,m
exp3,445VE6,all,scared,,lexical,proximal,0,1,2340,6.41,6,m
exp3,6ZN6TJ,all,surprised,,lexical,proximal,0,1,2370,6.49,6,f
exp3,6ZN6TJ,all,surprised,,cause,distal,1,0,2370,6.49,6,f
exp3,6ZN6TJ,all,scared,,lexical,proximal,0,1,2370,6.49,6,f
exp3,6ZN6TJ,all,scared,,cause,proximal,0,1,2370,6.49,6,f
exp3,dPM5CY,all,surprised,,lexical,proximal,0,1,2460,6.74,6,m
exp3,dPM5CY,all,surprised,,cause,distal,1,0,2460,6.74,6,m
exp3,dPM5CY,all,scared,,lexical,proximal,0,1,2460,6.74,6,m
exp3,dPM5CY,all,scared,,cause,distal,1,0,2460,6.74,6,m
exp3,T3WDdR,all,scared,,lexical,proximal,0,1,2400,6.57,6,m
exp3,T3WDdR,all,scared,,cause,proximal,0,1,2400,6.57,6,m
exp3,T3WDdR,all,surprised,,lexical,proximal,0,1,2400,6.57,6,m
exp3,T3WDdR,all,surprised,,cause,proximal,0,1,2400,6.57,6,m
exp3,WR6GV2,all,surprised,,lexical,proximal,0,1,2400,6.57,6,m
exp3,WR6GV2,all,surprised,,cause,distal,1,0,2400,6.57,6,m
exp3,WR6GV2,all,scared,,lexical,proximal,0,1,2400,6.57,6,m
exp3,WR6GV2,all,scared,,cause,distal,1,0,2400,6.57,6,m
exp3,RFDQA4,all,scared,,lexical,distal,1,0,2340,6.41,6,m
exp3,RFDQA4,all,scared,,cause,distal,1,0,2340,6.41,6,m
exp3,RFDQA4,all,surprised,,lexical,distal,1,0,2340,6.41,6,m
exp3,RFDQA4,all,surprised,,cause,distal,1,0,2340,6.41,6,m
exp3,QL2EXP,all,surprised,,cause,distal,1,0,2430,6.65,6,f
exp3,QL2EXP,all,surprised,,lexical,proximal,0,1,2430,6.65,6,f
exp3,QL2EXP,all,scared,,cause,distal,1,0,2430,6.65,6,f
exp3,QL2EXP,all,scared,,lexical,proximal,0,1,2430,6.65,6,f
exp3,UR7QM3,all,surprised,,cause,distal,1,0,2430,6.65,6,m
exp3,UR7QM3,all,surprised,,lexical,proximal,0,1,2430,6.65,6,m
exp3,UR7QM3,all,scared,,cause,distal,1,0,2430,6.65,6,m
exp3,UR7QM3,all,scared,,lexical,proximal,0,1,2430,6.65,6,m
exp3,P7YQZ7,all,scared,,cause,proximal,0,1,2430,6.65,6,f
exp3,P7YQZ7,all,scared,,lexical,proximal,0,1,2430,6.65,6,f
exp3,P7YQZ7,all,surprised,,cause,distal,1,0,2430,6.65,6,f
exp3,P7YQZ7,all,surprised,,lexical,proximal,0,1,2430,6.65,6,f
exp3,3QJBAE,all,scared,,cause,distal,1,0,2520,6.9,6,m
exp3,3QJBAE,all,scared,,lexical,proximal,0,1,2520,6.9,6,m
exp3,3QJBAE,all,surprised,,cause,distal,1,0,2520,6.9,6,m
exp3,3QJBAE,all,surprised,,lexical,proximal,0,1,2520,6.9,6,m
exp3,JKPZV2,all,scared,,cause,distal,1,0,3240,8.87,8,m
exp3,JKPZV2,all,scared,,lexical,proximal,0,1,3240,8.87,8,m
exp3,JKPZV2,all,surprised,,cause,distal,1,0,3240,8.87,8,m
exp3,JKPZV2,all,surprised,,lexical,proximal,0,1,3240,8.87,8,m
exp3,VCCWU3,all,scared,,lexical,proximal,0,1,3210,8.79,8,f
exp3,VCCWU3,all,scared,,cause,distal,1,0,3210,8.79,8,f
exp3,VCCWU3,all,surprised,,lexical,proximal,0,1,3210,8.79,8,f
exp3,VCCWU3,all,surprised,,cause,distal,1,0,3210,8.79,8,f
exp3,JCLCAH,all,surprised,,lexical,proximal,0,1,3090,8.46,8,m
exp3,JCLCAH,all,surprised,,cause,distal,1,0,3090,8.46,8,m
exp3,JCLCAH,all,scared,,lexical,proximal,0,1,3090,8.46,8,m
exp3,JCLCAH,all,scared,,cause,distal,1,0,3090,8.46,8,m
exp3,JUBNZN,all,surprised,,cause,proximal,0,1,3180,8.71,8,m
exp3,JUBNZN,all,surprised,,lexical,proximal,0,1,3180,8.71,8,m
exp3,JUBNZN,all,scared,,cause,distal,1,0,3180,8.71,8,m
exp3,JUBNZN,all,scared,,lexical,proximal,0,1,3180,8.71,8,m
exp3,U6HUFV,all,scared,,lexical,proximal,0,1,3120,8.54,8,m
exp3,U6HUFV,all,scared,,cause,distal,1,0,3120,8.54,8,m
exp3,U6HUFV,all,surprised,,lexical,proximal,0,1,3120,8.54,8,m
exp3,U6HUFV,all,surprised,,cause,distal,1,0,3120,8.54,8,m
exp3,X3K5R5,all,scared,,lexical,distal,1,0,3270,8.95,8,f
exp3,X3K5R5,all,scared,,cause,proximal,0,1,3270,8.95,8,f
exp3,X3K5R5,all,surprised,,lexical,distal,1,0,3270,8.95,8,f
exp3,X3K5R5,all,surprised,,cause,proximal,0,1,3270,8.95,8,f
exp3,2UAW7V,all,surprised,,lexical,proximal,0,1,3030,8.3,8,f
exp3,2UAW7V,all,surprised,,cause,distal,1,0,3030,8.3,8,f
exp3,2UAW7V,all,scared,,lexical,proximal,0,1,3030,8.3,8,f
exp3,2UAW7V,all,scared,,cause,distal,1,0,3030,8.3,8,f
